Workbook
Name ExternalData_1: Sheet1!$A$1:$A$2

Sheet Sheet1
A1: Column1
A2: 44912.037

Sheet Chart
A1: 1 | B1: 2 | C1: 0 | D1: =+B1+C1 -> 2
A2: =+Monthly!A14 -> Salesman | B2: =VLOOKUP($A2,Monthly!$A$14:$BU$22,$B$1,FALSE) -> 40209
A3: Time | B3: =NOW() -> 45979.275
A4: Max | B4: 70000
A5: =+Monthly!A15 -> Brenda Matthews | B5: =VLOOKUP($A5,Monthly!$A$14:$BU$22,$B$1,FALSE) -> 24173
A6: =+Monthly!A16 -> Brian Harris | B6: =VLOOKUP($A6,Monthly!$A$14:$BU$22,$B$1,FALSE) -> 26428
A7: =+Monthly!A17 -> David Torres | B7: =VLOOKUP($A7,Monthly!$A$14:$BU$22,$B$1,FALSE) -> 25419
A8: =+Monthly!A18 -> Jennifer Johnson | B8: =VLOOKUP($A8,Monthly!$A$14:$BU$22,$B$1,FALSE) -> 26042
A9: =+Monthly!A19 -> Kenneth Lamb | B9: =VLOOKUP($A9,Monthly!$A$14:$BU$22,$B$1,FALSE) -> 26263
A10: =+Monthly!A20 -> Kristi Shaw | B10: =VLOOKUP($A10,Monthly!$A$14:$BU$22,$B$1,FALSE) -> 26365
A11: =+Monthly!A21 -> Sarah Parks | B11: =VLOOKUP($A11,Monthly!$A$14:$BU$22,$B$1,FALSE) -> 22651
A12: =+Monthly!A22 -> Steven Kerr | B12: =VLOOKUP($A12,Monthly!$A$14:$BU$22,$B$1,FALSE) -> 32499

Sheet Monthly
A14: =+A2 -> Salesman | B14: =+B2 -> 40209 | C14: =+C2 -> 40237 | D14: =+D2 -> 40268 | E14: =+E2 -> 40298 | F14: =+F2 -> 40329 | G14: =+G2 -> 40359 | H14: =+H2 -> 40390 | ... BU14: =+BU2 -> 42369
A15: =+A3 -> Brenda Matthews | B15: =+B3 -> 24173 | C15: =$B3+C3 -> 48261.49 | D15: =$B3+D3 -> 47813.071 | E15: =$B3+E3 -> 47604.489 | F15: =$B3+F3 -> 47658.2 | G15: =$B3+G3 -> 47200.316 | H15: =$B3+H3 -> 47060.563 | I15: =$B3+I3 -> 47669.102 | J15: =$B3+J3 -> 47707.48 | ... BU15: =$B3+BU3 -> 42967.303
A16: =+A4 -> Brian Harris | B16: =+B4 -> 26428 | C16: =$B4+C4 -> 52728.19 | D16: =$B4+D4 -> 53702.585 | E16: =$B4+E4 -> 53326.417 | F16: =$B4+F4 -> 52885.469 | G16: =$B4+G4 -> 53579.528 | H16: =$B4+H4 -> 53254.614 | I16: =$B4+I4 -> 52708.321 | J16: =$B4+J4 -> 52307.565 | ... BU16: =$B4+BU4 -> 55439.384
A17: =+A5 -> David Torres | B17: =+B5 -> 25419 | C17: =$B5+C5 -> 50750.51 | D17: =$B5+D5 -> 50822.262 | E17: =$B5+E5 -> 50800.23 | F17: =$B5+F5 -> 50868.376 | G17: =$B5+G5 -> 50750.727 | H17: =$B5+H5 -> 50661.456 | I17: =$B5+I5 -> 50689.025 | J17: =$B5+J5 -> 50711.386 | ... BU17: =$B5+BU5 -> 52007.127
A18: =+A6 -> Jennifer Johnson | B18: =+B6 -> 26042 | C18: =$B6+C6 -> 52275.39 | D18: =$B6+D6 -> 52427.36 | E18: =$B6+E6 -> 51804.31 | F18: =$B6+F6 -> 51637.277 | G18: =$B6+G6 -> 51432.377 | H18: =$B6+H6 -> 51598.711 | I18: =$B6+I6 -> 52323.223 | J18: =$B6+J6 -> 52742.923 | ... BU18: =$B6+BU6 -> 53807.334
A19: =+A7 -> Kenneth Lamb | B19: =+B7 -> 26263 | C19: =$B7+C7 -> 52873.53 | D19: =$B7+D7 -> 53081.866 | E19: =$B7+E7 -> 53207.407 | F19: =$B7+F7 -> 53017.512 | G19: =$B7+G7 -> 53103.789 | H19: =$B7+H7 -> 53256.523 | I19: =$B7+I7 -> 52876.994 | J19: =$B7+J7 -> 52827.74 | ... BU19: =$B7+BU7 -> 55299.44
A20: =+A8 -> Kristi Shaw | B20: =+B8 -> 26365 | C20: =$B8+C8 -> 52754.9 | D20: =$B8+D8 -> 52790.405 | E20: =$B8+E8 -> 52723.604 | F20: =$B8+F8 -> 52610.955 | G20: =$B8+G8 -> 52476.285 | H20: =$B8+H8 -> 52416.13 | I20: =$B8+I8 -> 52427.192 | J20: =$B8+J8 -> 52571.989 | ... BU20: =$B8+BU8 -> 51626.174
A21: =+A9 -> Sarah Parks | B21: =+B9 -> 22651 | C21: =$B9+C9 -> 45104.69 | D21: =$B9+D9 -> 45208.106 | E21: =$B9+E9 -> 45034.489 | F21: =$B9+F9 -> 45091.944 | G21: =$B9+G9 -> 45122.016 | H21: =$B9+H9 -> 45212.797 | I21: =$B9+I9 -> 45125.769 | J21: =$B9+J9 -> 45021.391 | ... BU21: =$B9+BU9 -> 44923.616
A22: =+A10 -> Steven Kerr | B22: =+B10 -> 32499 | C22: =$B10+C10 -> 64919.09 | D22: =$B10+D10 -> 65021.755 | E22: =$B10+E10 -> 65707.725 | F22: =$B10+F10 -> 65853.64 | G22: =$B10+G10 -> 65489.603 | H22: =$B10+H10 -> 65470.692 | I22: =$B10+I10 -> 65738.266 | J22: =$B10+J10 -> 65848.202 | ... BU22: =$B10+BU10 -> 67637.439

Sheet Sales
A1: Month | B1: Salesman | C1: Manager | D1: Product | E1: Category | F1: Sales | G1: Profit
A2: 40209 | B2: David Torres | C2: Kimberly Mack | D2: Socks | E2: Accesseries | F2: 3584 | G2: 35.84
A3: 40209 | B3: Brenda Matthews | C3: Kimberly Mack | D3: Socks | E3: Accesseries | F3: 2665 | G3: 106.6
A4: 40209 | B4: Jennifer Johnson | C4: Kimberly Mack | D4: Socks | E4: Accesseries | F4: 3628 | G4: 145.12
A5: 40209 | B5: Kristi Shaw | C5: Kimberly Mack | D5: Socks | E5: Accesseries | F5: 2374 | G5: 47.48
A6: 40209 | B6: Sarah Parks | C6: Brian Baldwin | D6: Socks | E6: Accesseries | F6: 1491 | G6: 14.91
A7: 40209 | B7: Steven Kerr | C7: Brian Baldwin | D7: Socks | E7: Accesseries | F7: 3185 | G7: 63.7
A8: 40209 | B8: Brian Harris | C8: Brian Baldwin | D8: Socks | E8: Accesseries | F8: 2896 | G8: 231.68
A9: 40209 | B9: Kenneth Lamb | C9: Brian Baldwin | D9: Socks | E9: Accesseries | F9: 3695 | G9: 110.85
A10: 40209 | B10: David Torres | C10: Kimberly Mack | D10: Shorts | E10: Accesseries | F10: 3639 | G10: 36.39
A11: 40209 | B11: Brenda Matthews | C11: Kimberly Mack | D11: Shorts | E11: Accesseries | F11: 1417 | G11: 85.02
A12: 40209 | B12: Jennifer Johnson | C12: Kimberly Mack | D12: Shorts | E12: Accesseries | F12: 1574 | G12: 110.18
A13: 40209 | B13: Kristi Shaw | C13: Kimberly Mack | D13: Shorts | E13: Accesseries | F13: 3597 | G13: 35.97
... A5761: 42369 | B5761: Kenneth Lamb | C5761: Brian Baldwin | D5761: Pajamas | E5761: Cloths | F5761: 2817.4896 | G5761: 28.174896

Sheet Salesmen
A1: No | B1: Salesmen | C1: Manager | D1: P
A2: 1 | B2: David Torres | C2: Kimberly Mack | D2: 1
A3: 2 | B3: Brenda Matthews | C3: Kimberly Mack | D3: 6
A4: 3 | B4: Jennifer Johnson | C4: Kimberly Mack | D4: 7
A5: 4 | B5: Kristi Shaw | C5: Kimberly Mack | D5: 2
A6: 5 | B6: Sarah Parks | C6: Brian Baldwin | D6: 3
A7: 6 | B7: Steven Kerr | C7: Brian Baldwin | D7: 5
A8: 7 | B8: Brian Harris | C8: Brian Baldwin | D8: 8
A9: 8 | B9: Kenneth Lamb | C9: Brian Baldwin | D9: 4

Sheet Products
A1: Id | B1: Name | C1: Category | D1: Min | E1: Max | G1: Sales
A2: 1 | B2: Socks | C2: Accesseries | D2: 100 | E2: 200 | G2: 3584
A3: 2 | B3: Shorts | C3: Accesseries | D3: 50 | E3: 100 | G3: 2665
A4: 3 | B4: Jeans | C4: Cloths | D4: 10 | E4: 50 | G4: 3628
A5: 4 | B5: Coats | C5: Cloths | D5: 10 | E5: 30 | G5: 2374
A6: 5 | B6: Sweaters | C6: Cloths | D6: 10 | E6: 30 | G6: 1491
A7: 6 | B7: Jackets | C7: Cloths | D7: 10 | E7: 30 | G7: 3185
A8: 7 | B8: Shirts | C8: Cloths | D8: 10 | E8: 50 | G8: 2896
A9: 8 | B9: Paints | C9: Cloths | D9: 10 | E9: 50 | G9: 3695
A10: 9 | B10: Hats | C10: Accesseries | D10: 50 | E10: 100 | G10: 3639
A11: 10 | B11: Pajamas | C11: Cloths | D11: 10 | E11: 50 | G11: 1417
G12: 1574
G13: 3597
G14: 3440
G15: 3190
G16: 2437
G17: 2055
G18: 1386
G19: 2890
G20: 2337
G21: 1514
G22: 2973
G23: 3752
... G5761: 2786.5948
